user,store,product,store_freshness,store_distance,product_price,product_quality,availability_score,user_weight_price,user_weight_quality,user_weight_freshness,preferred_product,cluster_id,recommendation_score
User_1,Store_1,Product_1,8.281316144067628,3.7133267457732897,2.9337652986714198,8.535585949983034,0.8114769654308406,0.62,0.97,0.84,Product_9,0,21.32
User_1,Store_1,Product_2,8.281316144067628,3.7133267457732897,2.9337652986714198,8.535585949983034,0.8114769654308406,0.62,0.97,0.84,Product_9,0,21.32
User_1,Store_1,Product_3,8.281316144067628,3.7133267457732897,2.9337652986714198,8.535585949983034,0.8114769654308406,0.62,0.97,0.84,Product_9,0,21.32
User_1,Store_1,Product_4,8.281316144067628,3.7133267457732897,2.9337652986714198,8.535585949983034,0.8114769654308406,0.62,0.97,0.84,Product_9,0,21.32
User_1,Store_1,Product_5,8.281316144067628,3.7133267457732897,2.9337652986714198,8.535585949983034,0.8114769654308406,0.62,0.97,0.84,Product_9,0,21.32
User_1,Store_1,Product_6,8.281316144067628,3.7133267457732897,2.9337652986714198,8.535585949983034,0.8114769654308406,0.62,0.97,0.84,Product_9,0,21.32
User_1,Store_1,Product_7,8.281316144067628,3.7133267457732897,2.9337652986714198,8.535585949983034,0.8114769654308406,0.62,0.97,0.84,Product_9,0,21.32
User_1,Store_1,Product_8,8.281316144067628,3.7133267457732897,2.9337652986714198,8.535585949983034,0.8114769654308406,0.62,0.97,0.84,Product_9,0,21.32
User_1,Store_1,Product_9,8.281316144067628,3.7133267457732897,2.9337652986714198,8.535585949983034,0.8114769654308406,0.62,0.97,0.84,Product_9,0,21.32
User_1,Store_1,Product_10,8.281316144067628,3.7133267457732897,2.9337652986714198,8.535585949983034,0.8114769654308406,0.62,0.97,0.84,Product_9,0,21.32
User_1,Store_2,Product_1,7.670249215622279,3.577473052658543,5.325536026151579,7.62926584575003,0.6534270246429743,0.62,0.97,0.84,Product_9,2,17.36
User_1,Store_2,Product_2,7.670249215622279,3.577473052658543,5.325536026151579,7.62926584575003,0.6534270246429743,0.62,0.97,0.84,Product_9,2,17.36
User_1,Store_2,Product_3,7.670249215622279,3.577473052658543,5.325536026151579,7.62926584575003,0.6534270246429743,0.62,0.97,0.84,Product_9,2,17.36
User_1,Store_2,Product_4,7.670249215622279,3.577473052658543,5.325536026151579,7.62926584575003,0.6534270246429743,0.62,0.97,0.84,Product_9,2,17.36
User_1,Store_2,Product_5,7.670249215622279,3.577473052658543,5.325536026151579,7.62926584575003,0.6534270246429743,0.62,0.97,0.84,Product_9,2,17.36
User_1,Store_2,Product_6,7.670249215622279,3.577473052658543,5.325536026151579,7.62926584575003,0.6534270246429743,0.62,0.97,0.84,Product_9,2,17.36
User_1,Store_2,Product_7,7.670249215622279,3.577473052658543,5.325536026151579,7.62926584575003,0.6534270246429743,0.62,0.97,0.84,Product_9,2,17.36
User_1,Store_2,Product_8,7.670249215622279,3.577473052658543,5.325536026151579,7.62926584575003,0.6534270246429743,0.62,0.97,0.84,Product_9,2,17.36
User_1,Store_2,Product_9,7.670249215622279,3.577473052658543,5.325536026151579,7.62926584575003,0.6534270246429743,0.62,0.97,0.84,Product_9,2,17.36
User_1,Store_2,Product_10,7.670249215622279,3.577473052658543,5.325536026151579,7.62926584575003,0.6534270246429743,0.62,0.97,0.84,Product_9,2,17.36
User_1,Store_3,Product_1,3.648705888575759,8.140443618876283,7.6531560647610615,4.4761240023841395,0.43579309037356484,0.62,0.97,0.84,Product_9,1,4.6
User_1,Store_3,Product_2,3.648705888575759,8.140443618876283,7.6531560647610615,4.4761240023841395,0.43579309037356484,0.62,0.97,0.84,Product_9,1,4.6
User_1,Store_3,Product_3,3.648705888575759,8.140443618876283,7.6531560647610615,4.4761240023841395,0.43579309037356484,0.62,0.97,0.84,Product_9,1,4.6
User_1,Store_3,Product_4,3.648705888575759,8.140443618876283,7.6531560647610615,4.4761240023841395,0.43579309037356484,0.62,0.97,0.84,Product_9,1,4.6
User_1,Store_3,Product_5,3.648705888575759,8.140443618876283,7.6531560647610615,4.4761240023841395,0.43579309037356484,0.62,0.97,0.84,Product_9,1,4.6
User_1,Store_3,Product_6,3.648705888575759,8.140443618876283,7.6531560647610615,4.4761240023841395,0.43579309037356484,0.62,0.97,0.84,Product_9,1,4.6
User_1,Store_3,Product_7,3.648705888575759,8.140443618876283,7.6531560647610615,4.4761240023841395,0.43579309037356484,0.62,0.97,0.84,Product_9,1,4.6
User_1,Store_3,Product_8,3.648705888575759,8.140443618876283,7.6531560647610615,4.4761240023841395,0.43579309037356484,0.62,0.97,0.84,Product_9,1,4.6
User_1,Store_3,Product_9,3.648705888575759,8.140443618876283,7.6531560647610615,4.4761240023841395,0.43579309037356484,0.62,0.97,0.84,Product_9,1,4.6
User_1,Store_3,Product_10,3.648705888575759,8.140443618876283,7.6531560647610615,4.4761240023841395,0.43579309037356484,0.62,0.97,0.84,Product_9,1,4.6
User_1,Store_4,Product_1,7.406074530304662,5.319083892029399,4.864534219708078,8.054022563750339,0.5575251813786543,0.62,0.97,0.84,Product_9,2,17.72
User_1,Store_4,Product_2,7.406074530304662,5.319083892029399,4.864534219708078,8.054022563750339,0.5575251813786543,0.62,0.97,0.84,Product_9,2,17.72
User_1,Store_4,Product_3,7.406074530304662,5.319083892029399,4.864534219708078,8.054022563750339,0.5575251813786543,0.62,0.97,0.84,Product_9,2,17.72
User_1,Store_4,Product_4,7.406074530304662,5.319083892029399,4.864534219708078,8.054022563750339,0.5575251813786543,0.62,0.97,0.84,Product_9,2,17.72
User_1,Store_4,Product_5,7.406074530304662,5.319083892029399,4.864534219708078,8.054022563750339,0.5575251813786543,0.62,0.97,0.84,Product_9,2,17.72
User_1,Store_4,Product_6,7.406074530304662,5.319083892029399,4.864534219708078,8.054022563750339,0.5575251813786543,0.62,0.97,0.84,Product_9,2,17.72
User_1,Store_4,Product_7,7.406074530304662,5.319083892029399,4.864534219708078,8.054022563750339,0.5575251813786543,0.62,0.97,0.84,Product_9,2,17.72
User_1,Store_4,Product_8,7.406074530304662,5.319083892029399,4.864534219708078,8.054022563750339,0.5575251813786543,0.62,0.97,0.84,Product_9,2,17.72
User_1,Store_4,Product_9,7.406074530304662,5.319083892029399,4.864534219708078,8.054022563750339,0.5575251813786543,0.62,0.97,0.84,Product_9,2,17.72
User_1,Store_4,Product_10,7.406074530304662,5.319083892029399,4.864534219708078,8.054022563750339,0.5575251813786543,0.62,0.97,0.84,Product_9,2,17.72
User_1,Store_5,Product_1,9.073331499133607,1.5876514703260374,2.579822304925862,9.47371991052332,0.9291034001262183,0.62,0.97,0.84,Product_9,0,21.61
User_1,Store_5,Product_2,9.073331499133607,1.5876514703260374,2.579822304925862,9.47371991052332,0.9291034001262183,0.62,0.97,0.84,Product_9,0,21.61
User_1,Store_5,Product_3,9.073331499133607,1.5876514703260374,2.579822304925862,9.47371991052332,0.9291034001262183,0.62,0.97,0.84,Product_9,0,21.61
User_1,Store_5,Product_4,9.073331499133607,1.5876514703260374,2.579822304925862,9.47371991052332,0.9291034001262183,0.62,0.97,0.84,Product_9,0,21.61
User_1,Store_5,Product_5,9.073331499133607,1.5876514703260374,2.579822304925862,9.47371991052332,0.9291034001262183,0.62,0.97,0.84,Product_9,0,21.61
User_1,Store_5,Product_6,9.073331499133607,1.5876514703260374,2.579822304925862,9.47371991052332,0.9291034001262183,0.62,0.97,0.84,Product_9,0,21.61
User_1,Store_5,Product_7,9.073331499133607,1.5876514703260374,2.579822304925862,9.47371991052332,0.9291034001262183,0.62,0.97,0.84,Product_9,0,21.61
User_1,Store_5,Product_8,9.073331499133607,1.5876514703260374,2.579822304925862,9.47371991052332,0.9291034001262183,0.62,0.97,0.84,Product_9,0,21.61
User_1,Store_5,Product_9,9.073331499133607,1.5876514703260374,2.579822304925862,9.47371991052332,0.9291034001262183,0.62,0.97,0.84,Product_9,0,21.61
User_1,Store_5,Product_10,9.073331499133607,1.5876514703260374,2.579822304925862,9.47371991052332,0.9291034001262183,0.62,0.97,0.84,Product_9,0,21.61
User_1,Store_6,Product_1,7.4915522077802885,4.853958571947114,5.9485103516234155,7.705463246925167,0.7375564633840693,0.62,0.97,0.84,Product_9,2,15.4
User_1,Store_6,Product_2,7.4915522077802885,4.853958571947114,5.9485103516234155,7.705463246925167,0.7375564633840693,0.62,0.97,0.84,Product_9,2,15.4
User_1,Store_6,Product_3,7.4915522077802885,4.853958571947114,5.9485103516234155,7.705463246925167,0.7375564633840693,0.62,0.97,0.84,Product_9,2,15.4
User_1,Store_6,Product_4,7.4915522077802885,4.853958571947114,5.9485103516234155,7.705463246925167,0.7375564633840693,0.62,0.97,0.84,Product_9,2,15.4
User_1,Store_6,Product_5,7.4915522077802885,4.853958571947114,5.9485103516234155,7.705463246925167,0.7375564633840693,0.62,0.97,0.84,Product_9,2,15.4
User_1,Store_6,Product_6,7.4915522077802885,4.853958571947114,5.9485103516234155,7.705463246925167,0.7375564633840693,0.62,0.97,0.84,Product_9,2,15.4
User_1,Store_6,Product_7,7.4915522077802885,4.853958571947114,5.9485103516234155,7.705463246925167,0.7375564633840693,0.62,0.97,0.84,Product_9,2,15.4
User_1,Store_6,Product_8,7.4915522077802885,4.853958571947114,5.9485103516234155,7.705463246925167,0.7375564633840693,0.62,0.97,0.84,Product_9,2,15.4
User_1,Store_6,Product_9,7.4915522077802885,4.853958571947114,5.9485103516234155,7.705463246925167,0.7375564633840693,0.62,0.97,0.84,Product_9,2,15.4
User_1,Store_6,Product_10,7.4915522077802885,4.853958571947114,5.9485103516234155,7.705463246925167,0.7375564633840693,0.62,0.97,0.84,Product_9,2,15.4
User_1,Store_7,Product_1,9.493526947261913,1.0233250800231821,3.146204516503329,8.020164938060113,0.7671813951101569,0.62,0.97,0.84,Product_9,0,21.17
User_1,Store_7,Product_2,9.493526947261913,1.0233250800231821,3.146204516503329,8.020164938060113,0.7671813951101569,0.62,0.97,0.84,Product_9,0,21.17
User_1,Store_7,Product_3,9.493526947261913,1.0233250800231821,3.146204516503329,8.020164938060113,0.7671813951101569,0.62,0.97,0.84,Product_9,0,21.17
User_1,Store_7,Product_4,9.493526947261913,1.0233250800231821,3.146204516503329,8.020164938060113,0.7671813951101569,0.62,0.97,0.84,Product_9,0,21.17
User_1,Store_7,Product_5,9.493526947261913,1.0233250800231821,3.146204516503329,8.020164938060113,0.7671813951101569,0.62,0.97,0.84,Product_9,0,21.17
User_1,Store_7,Product_6,9.493526947261913,1.0233250800231821,3.146204516503329,8.020164938060113,0.7671813951101569,0.62,0.97,0.84,Product_9,0,21.17
User_1,Store_7,Product_7,9.493526947261913,1.0233250800231821,3.146204516503329,8.020164938060113,0.7671813951101569,0.62,0.97,0.84,Product_9,0,21.17
User_1,Store_7,Product_8,9.493526947261913,1.0233250800231821,3.146204516503329,8.020164938060113,0.7671813951101569,0.62,0.97,0.84,Product_9,0,21.17
User_1,Store_7,Product_9,9.493526947261913,1.0233250800231821,3.146204516503329,8.020164938060113,0.7671813951101569,0.62,0.97,0.84,Product_9,0,21.17
User_1,Store_7,Product_10,9.493526947261913,1.0233250800231821,3.146204516503329,8.020164938060113,0.7671813951101569,0.62,0.97,0.84,Product_9,0,21.17
User_1,Store_8,Product_1,8.157488988695299,3.841342904266817,5.720535663169717,8.558719153065377,0.6828371164773581,0.62,0.97,0.84,Product_9,2,15.51
User_1,Store_8,Product_2,8.157488988695299,3.841342904266817,5.720535663169717,8.558719153065377,0.6828371164773581,0.62,0.97,0.84,Product_9,2,15.51
User_1,Store_8,Product_3,8.157488988695299,3.841342904266817,5.720535663169717,8.558719153065377,0.6828371164773581,0.62,0.97,0.84,Product_9,2,15.51
User_1,Store_8,Product_4,8.157488988695299,3.841342904266817,5.720535663169717,8.558719153065377,0.6828371164773581,0.62,0.97,0.84,Product_9,2,15.51
User_1,Store_8,Product_5,8.157488988695299,3.841342904266817,5.720535663169717,8.558719153065377,0.6828371164773581,0.62,0.97,0.84,Product_9,2,15.51
User_1,Store_8,Product_6,8.157488988695299,3.841342904266817,5.720535663169717,8.558719153065377,0.6828371164773581,0.62,0.97,0.84,Product_9,2,15.51
User_1,Store_8,Product_7,8.157488988695299,3.841342904266817,5.720535663169717,8.558719153065377,0.6828371164773581,0.62,0.97,0.84,Product_9,2,15.51
User_1,Store_8,Product_8,8.157488988695299,3.841342904266817,5.720535663169717,8.558719153065377,0.6828371164773581,0.62,0.97,0.84,Product_9,2,15.51
User_1,Store_8,Product_9,8.157488988695299,3.841342904266817,5.720535663169717,8.558719153065377,0.6828371164773581,0.62,0.97,0.84,Product_9,2,15.51
User_1,Store_8,Product_10,8.157488988695299,3.841342904266817,5.720535663169717,8.558719153065377,0.6828371164773581,0.62,0.97,0.84,Product_9,2,15.51
User_1,Store_9,Product_1,7.1927317257079135,2.5750352078168013,5.464220250100209,7.569486670669632,0.5653321902638653,0.62,0.97,0.84,Product_9,2,13.53
User_1,Store_9,Product_2,7.1927317257079135,2.5750352078168013,5.464220250100209,7.569486670669632,0.5653321902638653,0.62,0.97,0.84,Product_9,2,13.53
User_1,Store_9,Product_3,7.1927317257079135,2.5750352078168013,5.464220250100209,7.569486670669632,0.5653321902638653,0.62,0.97,0.84,Product_9,2,13.53
User_1,Store_9,Product_4,7.1927317257079135,2.5750352078168013,5.464220250100209,7.569486670669632,0.5653321902638653,0.62,0.97,0.84,Product_9,2,13.53
User_1,Store_9,Product_5,7.1927317257079135,2.5750352078168013,5.464220250100209,7.569486670669632,0.5653321902638653,0.62,0.97,0.84,Product_9,2,13.53
User_1,Store_9,Product_6,7.1927317257079135,2.5750352078168013,5.464220250100209,7.569486670669632,0.5653321902638653,0.62,0.97,0.84,Product_9,2,13.53
User_1,Store_9,Product_7,7.1927317257079135,2.5750352078168013,5.464220250100209,7.569486670669632,0.5653321902638653,0.62,0.97,0.84,Product_9,2,13.53
User_1,Store_9,Product_8,7.1927317257079135,2.5750352078168013,5.464220250100209,7.569486670669632,0.5653321902638653,0.62,0.97,0.84,Product_9,2,13.53
User_1,Store_9,Product_9,7.1927317257079135,2.5750352078168013,5.464220250100209,7.569486670669632,0.5653321902638653,0.62,0.97,0.84,Product_9,2,13.53
User_1,Store_9,Product_10,7.1927317257079135,2.5750352078168013,5.464220250100209,7.569486670669632,0.5653321902638653,0.62,0.97,0.84,Product_9,2,13.53
User_1,Store_10,Product_1,8.471645240371735,2.259267175515836,2.7304424037085786,8.661538999847021,0.9611676288840868,0.62,0.97,0.84,Product_9,0,21.48
User_1,Store_10,Product_2,8.471645240371735,2.259267175515836,2.7304424037085786,8.661538999847021,0.9611676288840868,0.62,0.97,0.84,Product_9,0,21.48
User_1,Store_10,Product_3,8.471645240371735,2.259267175515836,2.7304424037085786,8.661538999847021,0.9611676288840868,0.62,0.97,0.84,Product_9,0,21.48
User_1,Store_10,Product_4,8.471645240371735,2.259267175515836,2.7304424037085786,8.661538999847021,0.9611676288840868,0.62,0.97,0.84,Product_9,0,21.48
User_1,Store_10,Product_5,8.471645240371735,2.259267175515836,2.7304424037085786,8.661538999847021,0.9611676288840868,0.62,0.97,0.84,Product_9,0,21.48
User_1,Store_10,Product_6,8.471645240371735,2.259267175515836,2.7304424037085786,8.661538999847021,0.9611676288840868,0.62,0.97,0.84,Product_9,0,21.48
User_1,Store_10,Product_7,8.471645240371735,2.259267175515836,2.7304424037085786,8.661538999847021,0.9611676288840868,0.62,0.97,0.84,Product_9,0,21.48
User_1,Store_10,Product_8,8.471645240371735,2.259267175515836,2.7304424037085786,8.661538999847021,0.9611676288840868,0.62,0.97,0.84,Product_9,0,21.48
User_1,Store_10,Product_9,8.471645240371735,2.259267175515836,2.7304424037085786,8.661538999847021,0.9611676288840868,0.62,0.97,0.84,Product_9,0,21.48
User_1,Store_10,Product_10,8.471645240371735,2.259267175515836,2.7304424037085786,8.661538999847021,0.9611676288840868,0.62,0.97,0.84,Product_9,0,21.48
User_2,Store_1,Product_1,8.380834069941578,5.173295141558725,5.12695220739561,8.477635716943261,0.6103664816870698,0.4,0.89,0.82,Product_6,2,18.21
User_2,Store_1,Product_2,8.380834069941578,5.173295141558725,5.12695220739561,8.477635716943261,0.6103664816870698,0.4,0.89,0.82,Product_6,2,18.21
User_2,Store_1,Product_3,8.380834069941578,5.173295141558725,5.12695220739561,8.477635716943261,0.6103664816870698,0.4,0.89,0.82,Product_6,2,18.21
User_2,Store_1,Product_4,8.380834069941578,5.173295141558725,5.12695220739561,8.477635716943261,0.6103664816870698,0.4,0.89,0.82,Product_6,2,18.21
User_2,Store_1,Product_5,8.380834069941578,5.173295141558725,5.12695220739561,8.477635716943261,0.6103664816870698,0.4,0.89,0.82,Product_6,2,18.21
User_2,Store_1,Product_6,8.380834069941578,5.173295141558725,5.12695220739561,8.477635716943261,0.6103664816870698,0.4,0.89,0.82,Product_6,2,18.21
User_2,Store_1,Product_7,8.380834069941578,5.173295141558725,5.12695220739561,8.477635716943261,0.6103664816870698,0.4,0.89,0.82,Product_6,2,18.21
User_2,Store_1,Product_8,8.380834069941578,5.173295141558725,5.12695220739561,8.477635716943261,0.6103664816870698,0.4,0.89,0.82,Product_6,2,18.21
User_2,Store_1,Product_9,8.380834069941578,5.173295141558725,5.12695220739561,8.477635716943261,0.6103664816870698,0.4,0.89,0.82,Product_6,2,18.21
User_2,Store_1,Product_10,8.380834069941578,5.173295141558725,5.12695220739561,8.477635716943261,0.6103664816870698,0.4,0.89,0.82,Product_6,2,18.21
User_2,Store_2,Product_1,7.910409743594447,3.0042985233945747,4.282276025551598,8.65002065791536,0.8356240028570823,0.4,0.89,0.82,Product_6,2,21.4
User_2,Store_2,Product_2,7.910409743594447,3.0042985233945747,4.282276025551598,8.65002065791536,0.8356240028570823,0.4,0.89,0.82,Product_6,2,21.4
User_2,Store_2,Product_3,7.910409743594447,3.0042985233945747,4.282276025551598,8.65002065791536,0.8356240028570823,0.4,0.89,0.82,Product_6,2,21.4
User_2,Store_2,Product_4,7.910409743594447,3.0042985233945747,4.282276025551598,8.65002065791536,0.8356240028570823,0.4,0.89,0.82,Product_6,2,21.4
User_2,Store_2,Product_5,7.910409743594447,3.0042985233945747,4.282276025551598,8.65002065791536,0.8356240028570823,0.4,0.89,0.82,Product_6,2,21.4
User_2,Store_2,Product_6,7.910409743594447,3.0042985233945747,4.282276025551598,8.65002065791536,0.8356240028570823,0.4,0.89,0.82,Product_6,2,21.4
User_2,Store_2,Product_7,7.910409743594447,3.0042985233945747,4.282276025551598,8.65002065791536,0.8356240028570823,0.4,0.89,0.82,Product_6,2,21.4
User_2,Store_2,Product_8,7.910409743594447,3.0042985233945747,4.282276025551598,8.65002065791536,0.8356240028570823,0.4,0.89,0.82,Product_6,2,21.4
User_2,Store_2,Product_9,7.910409743594447,3.0042985233945747,4.282276025551598,8.65002065791536,0.8356240028570823,0.4,0.89,0.82,Product_6,2,21.4
User_2,Store_2,Product_10,7.910409743594447,3.0042985233945747,4.282276025551598,8.65002065791536,0.8356240028570823,0.4,0.89,0.82,Product_6,2,21.4
User_2,Store_3,Product_1,6.3644615825440685,4.9625327975772375,4.43974229545277,8.627366550123151,0.6385124240582689,0.4,0.89,0.82,Product_6,2,20.66
User_2,Store_3,Product_2,6.3644615825440685,4.9625327975772375,4.43974229545277,8.627366550123151,0.6385124240582689,0.4,0.89,0.82,Product_6,2,20.66
User_2,Store_3,Product_3,6.3644615825440685,4.9625327975772375,4.43974229545277,8.627366550123151,0.6385124240582689,0.4,0.89,0.82,Product_6,2,20.66
User_2,Store_3,Product_4,6.3644615825440685,4.9625327975772375,4.43974229545277,8.627366550123151,0.6385124240582689,0.4,0.89,0.82,Product_6,2,20.66
User_2,Store_3,Product_5,6.3644615825440685,4.9625327975772375,4.43974229545277,8.627366550123151,0.6385124240582689,0.4,0.89,0.82,Product_6,2,20.66
User_2,Store_3,Product_6,6.3644615825440685,4.9625327975772375,4.43974229545277,8.627366550123151,0.6385124240582689,0.4,0.89,0.82,Product_6,2,20.66
User_2,Store_3,Product_7,6.3644615825440685,4.9625327975772375,4.43974229545277,8.627366550123151,0.6385124240582689,0.4,0.89,0.82,Product_6,2,20.66
User_2,Store_3,Product_8,6.3644615825440685,4.9625327975772375,4.43974229545277,8.627366550123151,0.6385124240582689,0.4,0.89,0.82,Product_6,2,20.66
User_2,Store_3,Product_9,6.3644615825440685,4.9625327975772375,4.43974229545277,8.627366550123151,0.6385124240582689,0.4,0.89,0.82,Product_6,2,20.66
User_2,Store_3,Product_10,6.3644615825440685,4.9625327975772375,4.43974229545277,8.627366550123151,0.6385124240582689,0.4,0.89,0.82,Product_6,2,20.66
User_2,Store_4,Product_1,9.199735464293358,2.1203912624884755,2.920605124057524,10.0,0.7974909111189136,0.4,0.89,0.82,Product_6,0,21.28
User_2,Store_4,Product_2,9.199735464293358,2.1203912624884755,2.920605124057524,10.0,0.7974909111189136,0.4,0.89,0.82,Product_6,0,21.28
User_2,Store_4,Product_3,9.199735464293358,2.1203912624884755,2.920605124057524,10.0,0.7974909111189136,0.4,0.89,0.82,Product_6,0,21.28
User_2,Store_4,Product_4,9.199735464293358,2.1203912624884755,2.920605124057524,10.0,0.7974909111189136,0.4,0.89,0.82,Product_6,0,21.28
User_2,Store_4,Product_5,9.199735464293358,2.1203912624884755,2.920605124057524,10.0,0.7974909111189136,0.4,0.89,0.82,Product_6,0,21.28
User_2,Store_4,Product_6,9.199735464293358,2.1203912624884755,2.920605124057524,10.0,0.7974909111189136,0.4,0.89,0.82,Product_6,0,21.28
User_2,Store_4,Product_7,9.199735464293358,2.1203912624884755,2.920605124057524,10.0,0.7974909111189136,0.4,0.89,0.82,Product_6,0,21.28
User_2,Store_4,Product_8,9.199735464293358,2.1203912624884755,2.920605124057524,10.0,0.7974909111189136,0.4,0.89,0.82,Product_6,0,21.28
User_2,Store_4,Product_9,9.199735464293358,2.1203912624884755,2.920605124057524,10.0,0.7974909111189136,0.4,0.89,0.82,Product_6,0,21.28
User_2,Store_4,Product_10,9.199735464293358,2.1203912624884755,2.920605124057524,10.0,0.7974909111189136,0.4,0.89,0.82,Product_6,0,21.28
User_2,Store_5,Product_1,6.2678854036575125,5.766261075294954,5.865122829587554,6.1903369849651675,0.5203630744214729,0.4,0.89,0.82,Product_6,1,9.73
User_2,Store_5,Product_2,6.2678854036575125,5.766261075294954,5.865122829587554,6.1903369849651675,0.5203630744214729,0.4,0.89,0.82,Product_6,1,9.73
User_2,Store_5,Product_3,6.2678854036575125,5.766261075294954,5.865122829587554,6.1903369849651675,0.5203630744214729,0.4,0.89,0.82,Product_6,1,9.73
User_2,Store_5,Product_4,6.2678854036575125,5.766261075294954,5.865122829587554,6.1903369849651675,0.5203630744214729,0.4,0.89,0.82,Product_6,1,9.73
User_2,Store_5,Product_5,6.2678854036575125,5.766261075294954,5.865122829587554,6.1903369849651675,0.5203630744214729,0.4,0.89,0.82,Product_6,1,9.73
User_2,Store_5,Product_6,6.2678854036575125,5.766261075294954,5.865122829587554,6.1903369849651675,0.5203630744214729,0.4,0.89,0.82,Product_6,1,9.73
User_2,Store_5,Product_7,6.2678854036575125,5.766261075294954,5.865122829587554,6.1903369849651675,0.5203630744214729,0.4,0.89,0.82,Product_6,1,9.73
User_2,Store_5,Product_8,6.2678854036575125,5.766261075294954,5.865122829587554,6.1903369849651675,0.5203630744214729,0.4,0.89,0.82,Product_6,1,9.73
User_2,Store_5,Product_9,6.2678854036575125,5.766261075294954,5.865122829587554,6.1903369849651675,0.5203630744214729,0.4,0.89,0.82,Product_6,1,9.73
User_2,Store_5,Product_10,6.2678854036575125,5.766261075294954,5.865122829587554,6.1903369849651675,0.5203630744214729,0.4,0.89,0.82,Product_6,1,9.73
User_2,Store_6,Product_1,8.486471729600769,4.451303498372325,5.694911991759216,8.205693496045024,0.7314512895863171,0.4,0.89,0.82,Product_6,2,16.35
User_2,Store_6,Product_2,8.486471729600769,4.451303498372325,5.694911991759216,8.205693496045024,0.7314512895863171,0.4,0.89,0.82,Product_6,2,16.35
User_2,Store_6,Product_3,8.486471729600769,4.451303498372325,5.694911991759216,8.205693496045024,0.7314512895863171,0.4,0.89,0.82,Product_6,2,16.35
User_2,Store_6,Product_4,8.486471729600769,4.451303498372325,5.694911991759216,8.205693496045024,0.7314512895863171,0.4,0.89,0.82,Product_6,2,16.35
User_2,Store_6,Product_5,8.486471729600769,4.451303498372325,5.694911991759216,8.205693496045024,0.7314512895863171,0.4,0.89,0.82,Product_6,2,16.35
User_2,Store_6,Product_6,8.486471729600769,4.451303498372325,5.694911991759216,8.205693496045024,0.7314512895863171,0.4,0.89,0.82,Product_6,2,16.35
User_2,Store_6,Product_7,8.486471729600769,4.451303498372325,5.694911991759216,8.205693496045024,0.7314512895863171,0.4,0.89,0.82,Product_6,2,16.35
User_2,Store_6,Product_8,8.486471729600769,4.451303498372325,5.694911991759216,8.205693496045024,0.7314512895863171,0.4,0.89,0.82,Product_6,2,16.35
User_2,Store_6,Product_9,8.486471729600769,4.451303498372325,5.694911991759216,8.205693496045024,0.7314512895863171,0.4,0.89,0.82,Product_6,2,16.35
User_2,Store_6,Product_10,8.486471729600769,4.451303498372325,5.694911991759216,8.205693496045024,0.7314512895863171,0.4,0.89,0.82,Product_6,2,16.35
User_2,Store_7,Product_1,5.690327512819813,7.900943062707306,6.737899853377598,5.138401945751671,0.4612722802195491,0.4,0.89,0.82,Product_6,1,6.95
User_2,Store_7,Product_2,5.690327512819813,7.900943062707306,6.737899853377598,5.138401945751671,0.4612722802195491,0.4,0.89,0.82,Product_6,1,6.95
User_2,Store_7,Product_3,5.690327512819813,7.900943062707306,6.737899853377598,5.138401945751671,0.4612722802195491,0.4,0.89,0.82,Product_6,1,6.95
User_2,Store_7,Product_4,5.690327512819813,7.900943062707306,6.737899853377598,5.138401945751671,0.4612722802195491,0.4,0.89,0.82,Product_6,1,6.95
User_2,Store_7,Product_5,5.690327512819813,7.900943062707306,6.737899853377598,5.138401945751671,0.4612722802195491,0.4,0.89,0.82,Product_6,1,6.95
User_2,Store_7,Product_6,5.690327512819813,7.900943062707306,6.737899853377598,5.138401945751671,0.4612722802195491,0.4,0.89,0.82,Product_6,1,6.95
User_2,Store_7,Product_7,5.690327512819813,7.900943062707306,6.737899853377598,5.138401945751671,0.4612722802195491,0.4,0.89,0.82,Product_6,1,6.95
User_2,Store_7,Product_8,5.690327512819813,7.900943062707306,6.737899853377598,5.138401945751671,0.4612722802195491,0.4,0.89,0.82,Product_6,1,6.95
User_2,Store_7,Product_9,5.690327512819813,7.900943062707306,6.737899853377598,5.138401945751671,0.4612722802195491,0.4,0.89,0.82,Product_6,1,6.95
User_2,Store_7,Product_10,5.690327512819813,7.900943062707306,6.737899853377598,5.138401945751671,0.4612722802195491,0.4,0.89,0.82,Product_6,1,6.95
User_2,Store_8,Product_1,8.368764492336235,5.1463602581256005,4.8248283975046276,5.875859161949224,0.7345517943888766,0.4,0.89,0.82,Product_6,2,19.39
User_2,Store_8,Product_2,8.368764492336235,5.1463602581256005,4.8248283975046276,5.875859161949224,0.7345517943888766,0.4,0.89,0.82,Product_6,2,19.39
User_2,Store_8,Product_3,8.368764492336235,5.1463602581256005,4.8248283975046276,5.875859161949224,0.7345517943888766,0.4,0.89,0.82,Product_6,2,19.39
User_2,Store_8,Product_4,8.368764492336235,5.1463602581256005,4.8248283975046276,5.875859161949224,0.7345517943888766,0.4,0.89,0.82,Product_6,2,19.39
User_2,Store_8,Product_5,8.368764492336235,5.1463602581256005,4.8248283975046276,5.875859161949224,0.7345517943888766,0.4,0.89,0.82,Product_6,2,19.39
User_2,Store_8,Product_6,8.368764492336235,5.1463602581256005,4.8248283975046276,5.875859161949224,0.7345517943888766,0.4,0.89,0.82,Product_6,2,19.39
User_2,Store_8,Product_7,8.368764492336235,5.1463602581256005,4.8248283975046276,5.875859161949224,0.7345517943888766,0.4,0.89,0.82,Product_6,2,19.39
User_2,Store_8,Product_8,8.368764492336235,5.1463602581256005,4.8248283975046276,5.875859161949224,0.7345517943888766,0.4,0.89,0.82,Product_6,2,19.39
User_2,Store_8,Product_9,8.368764492336235,5.1463602581256005,4.8248283975046276,5.875859161949224,0.7345517943888766,0.4,0.89,0.82,Product_6,2,19.39
User_2,Store_8,Product_10,8.368764492336235,5.1463602581256005,4.8248283975046276,5.875859161949224,0.7345517943888766,0.4,0.89,0.82,Product_6,2,19.39
User_2,Store_9,Product_1,8.342240522831187,2.7319074575408098,2.5337575658387,8.743106254245877,0.9301322800949634,0.4,0.89,0.82,Product_6,0,21.5
User_2,Store_9,Product_2,8.342240522831187,2.7319074575408098,2.5337575658387,8.743106254245877,0.9301322800949634,0.4,0.89,0.82,Product_6,0,21.5
User_2,Store_9,Product_3,8.342240522831187,2.7319074575408098,2.5337575658387,8.743106254245877,0.9301322800949634,0.4,0.89,0.82,Product_6,0,21.5
User_2,Store_9,Product_4,8.342240522831187,2.7319074575408098,2.5337575658387,8.743106254245877,0.9301322800949634,0.4,0.89,0.82,Product_6,0,21.5
User_2,Store_9,Product_5,8.342240522831187,2.7319074575408098,2.5337575658387,8.743106254245877,0.9301322800949634,0.4,0.89,0.82,Product_6,0,21.5
User_2,Store_9,Product_6,8.342240522831187,2.7319074575408098,2.5337575658387,8.743106254245877,0.9301322800949634,0.4,0.89,0.82,Product_6,0,21.5
User_2,Store_9,Product_7,8.342240522831187,2.7319074575408098,2.5337575658387,8.743106254245877,0.9301322800949634,0.4,0.89,0.82,Product_6,0,21.5
User_2,Store_9,Product_8,8.342240522831187,2.7319074575408098,2.5337575658387,8.743106254245877,0.9301322800949634,0.4,0.89,0.82,Product_6,0,21.5
User_2,Store_9,Product_9,8.342240522831187,2.7319074575408098,2.5337575658387,8.743106254245877,0.9301322800949634,0.4,0.89,0.82,Product_6,0,21.5
User_2,Store_9,Product_10,8.342240522831187,2.7319074575408098,2.5337575658387,8.743106254245877,0.9301322800949634,0.4,0.89,0.82,Product_6,0,21.5
User_2,Store_10,Product_1,8.124889847407946,1.987613327990577,2.980836488090389,9.408936756108282,0.7945395530533162,0.4,0.89,0.82,Product_6,0,21.27
User_2,Store_10,Product_2,8.124889847407946,1.987613327990577,2.980836488090389,9.408936756108282,0.7945395530533162,0.4,0.89,0.82,Product_6,0,21.27
User_2,Store_10,Product_3,8.124889847407946,1.987613327990577,2.980836488090389,9.408936756108282,0.7945395530533162,0.4,0.89,0.82,Product_6,0,21.27
User_2,Store_10,Product_4,8.124889847407946,1.987613327990577,2.980836488090389,9.408936756108282,0.7945395530533162,0.4,0.89,0.82,Product_6,0,21.27
User_2,Store_10,Product_5,8.124889847407946,1.987613327990577,2.980836488090389,9.408936756108282,0.7945395530533162,0.4,0.89,0.82,Product_6,0,21.27
User_2,Store_10,Product_6,8.124889847407946,1.987613327990577,2.980836488090389,9.408936756108282,0.7945395530533162,0.4,0.89,0.82,Product_6,0,21.27
User_2,Store_10,Product_7,8.124889847407946,1.987613327990577,2.980836488090389,9.408936756108282,0.7945395530533162,0.4,0.89,0.82,Product_6,0,21.27
User_2,Store_10,Product_8,8.124889847407946,1.987613327990577,2.980836488090389,9.408936756108282,0.7945395530533162,0.4,0.89,0.82,Product_6,0,21.27
User_2,Store_10,Product_9,8.124889847407946,1.987613327990577,2.980836488090389,9.408936756108282,0.7945395530533162,0.4,0.89,0.82,Product_6,0,21.27
User_2,Store_10,Product_10,8.124889847407946,1.987613327990577,2.980836488090389,9.408936756108282,0.7945395530533162,0.4,0.89,0.82,Product_6,0,21.27
User_3,Store_1,Product_1,8.04818416795282,6.216917901236758,4.884583421131326,8.24123787386689,0.6965288230294756,0.83,0.49,1.0,Product_10,2,17.72
User_3,Store_1,Product_2,8.04818416795282,6.216917901236758,4.884583421131326,8.24123787386689,0.6965288230294756,0.83,0.49,1.0,Product_10,2,17.72
User_3,Store_1,Product_3,8.04818416795282,6.216917901236758,4.884583421131326,8.24123787386689,0.6965288230294756,0.83,0.49,1.0,Product_10,2,17.72
User_3,Store_1,Product_4,8.04818416795282,6.216917901236758,4.884583421131326,8.24123787386689,0.6965288230294756,0.83,0.49,1.0,Product_10,2,17.72
User_3,Store_1,Product_5,8.04818416795282,6.216917901236758,4.884583421131326,8.24123787386689,0.6965288230294756,0.83,0.49,1.0,Product_10,2,17.72
User_3,Store_1,Product_6,8.04818416795282,6.216917901236758,4.884583421131326,8.24123787386689,0.6965288230294756,0.83,0.49,1.0,Product_10,2,17.72
User_3,Store_1,Product_7,8.04818416795282,6.216917901236758,4.884583421131326,8.24123787386689,0.6965288230294756,0.83,0.49,1.0,Product_10,2,17.72
User_3,Store_1,Product_8,8.04818416795282,6.216917901236758,4.884583421131326,8.24123787386689,0.6965288230294756,0.83,0.49,1.0,Product_10,2,17.72
User_3,Store_1,Product_9,8.04818416795282,6.216917901236758,4.884583421131326,8.24123787386689,0.6965288230294756,0.83,0.49,1.0,Product_10,2,17.72
User_3,Store_1,Product_10,8.04818416795282,6.216917901236758,4.884583421131326,8.24123787386689,0.6965288230294756,0.83,0.49,1.0,Product_10,2,17.72
User_3,Store_2,Product_1,4.948189766142422,7.920756206447685,6.080165938004513,5.224663894043056,0.6159711283833873,0.83,0.49,1.0,Product_10,1,7.73
User_3,Store_2,Product_2,4.948189766142422,7.920756206447685,6.080165938004513,5.224663894043056,0.6159711283833873,0.83,0.49,1.0,Product_10,1,7.73
User_3,Store_2,Product_3,4.948189766142422,7.920756206447685,6.080165938004513,5.224663894043056,0.6159711283833873,0.83,0.49,1.0,Product_10,1,7.73
User_3,Store_2,Product_4,4.948189766142422,7.920756206447685,6.080165938004513,5.224663894043056,0.6159711283833873,0.83,0.49,1.0,Product_10,1,7.73
User_3,Store_2,Product_5,4.948189766142422,7.920756206447685,6.080165938004513,5.224663894043056,0.6159711283833873,0.83,0.49,1.0,Product_10,1,7.73
User_3,Store_2,Product_6,4.948189766142422,7.920756206447685,6.080165938004513,5.224663894043056,0.6159711283833873,0.83,0.49,1.0,Product_10,1,7.73
User_3,Store_2,Product_7,4.948189766142422,7.920756206447685,6.080165938004513,5.224663894043056,0.6159711283833873,0.83,0.49,1.0,Product_10,1,7.73
User_3,Store_2,Product_8,4.948189766142422,7.920756206447685,6.080165938004513,5.224663894043056,0.6159711283833873,0.83,0.49,1.0,Product_10,1,7.73
User_3,Store_2,Product_9,4.948189766142422,7.920756206447685,6.080165938004513,5.224663894043056,0.6159711283833873,0.83,0.49,1.0,Product_10,1,7.73
User_3,Store_2,Product_10,4.948189766142422,7.920756206447685,6.080165938004513,5.224663894043056,0.6159711283833873,0.83,0.49,1.0,Product_10,1,7.73
User_3,Store_3,Product_1,7.890167197056583,5.261189408224261,4.972758406827898,8.173549380929874,0.7512423732371603,0.83,0.49,1.0,Product_10,2,20.25
User_3,Store_3,Product_2,7.890167197056583,5.261189408224261,4.972758406827898,8.173549380929874,0.7512423732371603,0.83,0.49,1.0,Product_10,2,20.25
User_3,Store_3,Product_3,7.890167197056583,5.261189408224261,4.972758406827898,8.173549380929874,0.7512423732371603,0.83,0.49,1.0,Product_10,2,20.25
User_3,Store_3,Product_4,7.890167197056583,5.261189408224261,4.972758406827898,8.173549380929874,0.7512423732371603,0.83,0.49,1.0,Product_10,2,20.25
User_3,Store_3,Product_5,7.890167197056583,5.261189408224261,4.972758406827898,8.173549380929874,0.7512423732371603,0.83,0.49,1.0,Product_10,2,20.25
User_3,Store_3,Product_6,7.890167197056583,5.261189408224261,4.972758406827898,8.173549380929874,0.7512423732371603,0.83,0.49,1.0,Product_10,2,20.25
User_3,Store_3,Product_7,7.890167197056583,5.261189408224261,4.972758406827898,8.173549380929874,0.7512423732371603,0.83,0.49,1.0,Product_10,2,20.25
User_3,Store_3,Product_8,7.890167197056583,5.261189408224261,4.972758406827898,8.173549380929874,0.7512423732371603,0.83,0.49,1.0,Product_10,2,20.25
User_3,Store_3,Product_9,7.890167197056583,5.261189408224261,4.972758406827898,8.173549380929874,0.7512423732371603,0.83,0.49,1.0,Product_10,2,20.25
User_3,Store_3,Product_10,7.890167197056583,5.261189408224261,4.972758406827898,8.173549380929874,0.7512423732371603,0.83,0.49,1.0,Product_10,2,20.25
User_3,Store_4,Product_1,9.326093214745462,1.2075709398954493,2.60359158927806,9.04982568254382,0.8496524345883801,0.83,0.49,1.0,Product_10,0,21.43
User_3,Store_4,Product_2,9.326093214745462,1.2075709398954493,2.60359158927806,9.04982568254382,0.8496524345883801,0.83,0.49,1.0,Product_10,0,21.43
User_3,Store_4,Product_3,9.326093214745462,1.2075709398954493,2.60359158927806,9.04982568254382,0.8496524345883801,0.83,0.49,1.0,Product_10,0,21.43
User_3,Store_4,Product_4,9.326093214745462,1.2075709398954493,2.60359158927806,9.04982568254382,0.8496524345883801,0.83,0.49,1.0,Product_10,0,21.43
User_3,Store_4,Product_5,9.326093214745462,1.2075709398954493,2.60359158927806,9.04982568254382,0.8496524345883801,0.83,0.49,1.0,Product_10,0,21.43
User_3,Store_4,Product_6,9.326093214745462,1.2075709398954493,2.60359158927806,9.04982568254382,0.8496524345883801,0.83,0.49,1.0,Product_10,0,21.43
User_3,Store_4,Product_7,9.326093214745462,1.2075709398954493,2.60359158927806,9.04982568254382,0.8496524345883801,0.83,0.49,1.0,Product_10,0,21.43
User_3,Store_4,Product_8,9.326093214745462,1.2075709398954493,2.60359158927806,9.04982568254382,0.8496524345883801,0.83,0.49,1.0,Product_10,0,21.43
User_3,Store_4,Product_9,9.326093214745462,1.2075709398954493,2.60359158927806,9.04982568254382,0.8496524345883801,0.83,0.49,1.0,Product_10,0,21.43
User_3,Store_4,Product_10,9.326093214745462,1.2075709398954493,2.60359158927806,9.04982568254382,0.8496524345883801,0.83,0.49,1.0,Product_10,0,21.43
User_3,Store_5,Product_1,8.574502623859768,3.143675424416764,4.6783039398925865,8.877223085195906,0.7428012840989427,0.83,0.49,1.0,Product_10,2,21.08
User_3,Store_5,Product_2,8.574502623859768,3.143675424416764,4.6783039398925865,8.877223085195906,0.7428012840989427,0.83,0.49,1.0,Product_10,2,21.08
User_3,Store_5,Product_3,8.574502623859768,3.143675424416764,4.6783039398925865,8.877223085195906,0.7428012840989427,0.83,0.49,1.0,Product_10,2,21.08
User_3,Store_5,Product_4,8.574502623859768,3.143675424416764,4.6783039398925865,8.877223085195906,0.7428012840989427,0.83,0.49,1.0,Product_10,2,21.08
User_3,Store_5,Product_5,8.574502623859768,3.143675424416764,4.6783039398925865,8.877223085195906,0.7428012840989427,0.83,0.49,1.0,Product_10,2,21.08
User_3,Store_5,Product_6,8.574502623859768,3.143675424416764,4.6783039398925865,8.877223085195906,0.7428012840989427,0.83,0.49,1.0,Product_10,2,21.08
User_3,Store_5,Product_7,8.574502623859768,3.143675424416764,4.6783039398925865,8.877223085195906,0.7428012840989427,0.83,0.49,1.0,Product_10,2,21.08
User_3,Store_5,Product_8,8.574502623859768,3.143675424416764,4.6783039398925865,8.877223085195906,0.7428012840989427,0.83,0.49,1.0,Product_10,2,21.08
User_3,Store_5,Product_9,8.574502623859768,3.143675424416764,4.6783039398925865,8.877223085195906,0.7428012840989427,0.83,0.49,1.0,Product_10,2,21.08
User_3,Store_5,Product_10,8.574502623859768,3.143675424416764,4.6783039398925865,8.877223085195906,0.7428012840989427,0.83,0.49,1.0,Product_10,2,21.08
User_3,Store_6,Product_1,7.518180680959442,2.935366117562098,3.6113218783625984,9.102825067003335,0.7556516648303762,0.83,0.49,1.0,Product_10,0,21.13
User_3,Store_6,Product_2,7.518180680959442,2.935366117562098,3.6113218783625984,9.102825067003335,0.7556516648303762,0.83,0.49,1.0,Product_10,0,21.13
User_3,Store_6,Product_3,7.518180680959442,2.935366117562098,3.6113218783625984,9.102825067003335,0.7556516648303762,0.83,0.49,1.0,Product_10,0,21.13
User_3,Store_6,Product_4,7.518180680959442,2.935366117562098,3.6113218783625984,9.102825067003335,0.7556516648303762,0.83,0.49,1.0,Product_10,0,21.13
User_3,Store_6,Product_5,7.518180680959442,2.935366117562098,3.6113218783625984,9.102825067003335,0.7556516648303762,0.83,0.49,1.0,Product_10,0,21.13
User_3,Store_6,Product_6,7.518180680959442,2.935366117562098,3.6113218783625984,9.102825067003335,0.7556516648303762,0.83,0.49,1.0,Product_10,0,21.13
User_3,Store_6,Product_7,7.518180680959442,2.935366117562098,3.6113218783625984,9.102825067003335,0.7556516648303762,0.83,0.49,1.0,Product_10,0,21.13
User_3,Store_6,Product_8,7.518180680959442,2.935366117562098,3.6113218783625984,9.102825067003335,0.7556516648303762,0.83,0.49,1.0,Product_10,0,21.13
User_3,Store_6,Product_9,7.518180680959442,2.935366117562098,3.6113218783625984,9.102825067003335,0.7556516648303762,0.83,0.49,1.0,Product_10,0,21.13
User_3,Store_6,Product_10,7.518180680959442,2.935366117562098,3.6113218783625984,9.102825067003335,0.7556516648303762,0.83,0.49,1.0,Product_10,0,21.13
User_3,Store_7,Product_1,6.732165495632703,5.522962820279254,7.181967947683304,7.307142754282428,0.2588775148158159,0.83,0.49,1.0,Product_10,1,6.0
User_3,Store_7,Product_2,6.732165495632703,5.522962820279254,7.181967947683304,7.307142754282428,0.2588775148158159,0.83,0.49,1.0,Product_10,1,6.0
User_3,Store_7,Product_3,6.732165495632703,5.522962820279254,7.181967947683304,7.307142754282428,0.2588775148158159,0.83,0.49,1.0,Product_10,1,6.0
User_3,Store_7,Product_4,6.732165495632703,5.522962820279254,7.181967947683304,7.307142754282428,0.2588775148158159,0.83,0.49,1.0,Product_10,1,6.0
User_3,Store_7,Product_5,6.732165495632703,5.522962820279254,7.181967947683304,7.307142754282428,0.2588775148158159,0.83,0.49,1.0,Product_10,1,6.0
User_3,Store_7,Product_6,6.732165495632703,5.522962820279254,7.181967947683304,7.307142754282428,0.2588775148158159,0.83,0.49,1.0,Product_10,1,6.0
User_3,Store_7,Product_7,6.732165495632703,5.522962820279254,7.181967947683304,7.307142754282428,0.2588775148158159,0.83,0.49,1.0,Product_10,1,6.0
User_3,Store_7,Product_8,6.732165495632703,5.522962820279254,7.181967947683304,7.307142754282428,0.2588775148158159,0.83,0.49,1.0,Product_10,1,6.0
User_3,Store_7,Product_9,6.732165495632703,5.522962820279254,7.181967947683304,7.307142754282428,0.2588775148158159,0.83,0.49,1.0,Product_10,1,6.0
User_3,Store_7,Product_10,6.732165495632703,5.522962820279254,7.181967947683304,7.307142754282428,0.2588775148158159,0.83,0.49,1.0,Product_10,1,6.0
User_3,Store_8,Product_1,6.166170472679074,5.271950262779443,7.9525818048909125,7.299396814264488,0.369928076592567,0.83,0.49,1.0,Product_10,1,5.13
User_3,Store_8,Product_2,6.166170472679074,5.271950262779443,7.9525818048909125,7.299396814264488,0.369928076592567,0.83,0.49,1.0,Product_10,1,5.13
User_3,Store_8,Product_3,6.166170472679074,5.271950262779443,7.9525818048909125,7.299396814264488,0.369928076592567,0.83,0.49,1.0,Product_10,1,5.13
User_3,Store_8,Product_4,6.166170472679074,5.271950262779443,7.9525818048909125,7.299396814264488,0.369928076592567,0.83,0.49,1.0,Product_10,1,5.13
User_3,Store_8,Product_5,6.166170472679074,5.271950262779443,7.9525818048909125,7.299396814264488,0.369928076592567,0.83,0.49,1.0,Product_10,1,5.13
User_3,Store_8,Product_6,6.166170472679074,5.271950262779443,7.9525818048909125,7.299396814264488,0.369928076592567,0.83,0.49,1.0,Product_10,1,5.13
User_3,Store_8,Product_7,6.166170472679074,5.271950262779443,7.9525818048909125,7.299396814264488,0.369928076592567,0.83,0.49,1.0,Product_10,1,5.13
User_3,Store_8,Product_8,6.166170472679074,5.271950262779443,7.9525818048909125,7.299396814264488,0.369928076592567,0.83,0.49,1.0,Product_10,1,5.13
User_3,Store_8,Product_9,6.166170472679074,5.271950262779443,7.9525818048909125,7.299396814264488,0.369928076592567,0.83,0.49,1.0,Product_10,1,5.13
User_3,Store_8,Product_10,6.166170472679074,5.271950262779443,7.9525818048909125,7.299396814264488,0.369928076592567,0.83,0.49,1.0,Product_10,1,5.13
User_3,Store_9,Product_1,7.771608559210936,4.958763221961355,5.512398671896941,9.43087508586037,0.7566894070787087,0.83,0.49,1.0,Product_10,2,17.52
User_3,Store_9,Product_2,7.771608559210936,4.958763221961355,5.512398671896941,9.43087508586037,0.7566894070787087,0.83,0.49,1.0,Product_10,2,17.52
User_3,Store_9,Product_3,7.771608559210936,4.958763221961355,5.512398671896941,9.43087508586037,0.7566894070787087,0.83,0.49,1.0,Product_10,2,17.52
User_3,Store_9,Product_4,7.771608559210936,4.958763221961355,5.512398671896941,9.43087508586037,0.7566894070787087,0.83,0.49,1.0,Product_10,2,17.52
User_3,Store_9,Product_5,7.771608559210936,4.958763221961355,5.512398671896941,9.43087508586037,0.7566894070787087,0.83,0.49,1.0,Product_10,2,17.52
User_3,Store_9,Product_6,7.771608559210936,4.958763221961355,5.512398671896941,9.43087508586037,0.7566894070787087,0.83,0.49,1.0,Product_10,2,17.52
User_3,Store_9,Product_7,7.771608559210936,4.958763221961355,5.512398671896941,9.43087508586037,0.7566894070787087,0.83,0.49,1.0,Product_10,2,17.52
User_3,Store_9,Product_8,7.771608559210936,4.958763221961355,5.512398671896941,9.43087508586037,0.7566894070787087,0.83,0.49,1.0,Product_10,2,17.52
User_3,Store_9,Product_9,7.771608559210936,4.958763221961355,5.512398671896941,9.43087508586037,0.7566894070787087,0.83,0.49,1.0,Product_10,2,17.52
User_3,Store_9,Product_10,7.771608559210936,4.958763221961355,5.512398671896941,9.43087508586037,0.7566894070787087,0.83,0.49,1.0,Product_10,2,17.52
User_3,Store_10,Product_1,8.901299739502857,3.4926196089158053,3.3316830446382513,8.404348251398675,0.965655360863383,0.83,0.49,1.0,Product_10,0,21.41
User_3,Store_10,Product_2,8.901299739502857,3.4926196089158053,3.3316830446382513,8.404348251398675,0.965655360863383,0.83,0.49,1.0,Product_10,0,21.41
User_3,Store_10,Product_3,8.901299739502857,3.4926196089158053,3.3316830446382513,8.404348251398675,0.965655360863383,0.83,0.49,1.0,Product_10,0,21.41
User_3,Store_10,Product_4,8.901299739502857,3.4926196089158053,3.3316830446382513,8.404348251398675,0.965655360863383,0.83,0.49,1.0,Product_10,0,21.41
User_3,Store_10,Product_5,8.901299739502857,3.4926196089158053,3.3316830446382513,8.404348251398675,0.965655360863383,0.83,0.49,1.0,Product_10,0,21.41
User_3,Store_10,Product_6,8.901299739502857,3.4926196089158053,3.3316830446382513,8.404348251398675,0.965655360863383,0.83,0.49,1.0,Product_10,0,21.41
User_3,Store_10,Product_7,8.901299739502857,3.4926196089158053,3.3316830446382513,8.404348251398675,0.965655360863383,0.83,0.49,1.0,Product_10,0,21.41
User_3,Store_10,Product_8,8.901299739502857,3.4926196089158053,3.3316830446382513,8.404348251398675,0.965655360863383,0.83,0.49,1.0,Product_10,0,21.41
User_3,Store_10,Product_9,8.901299739502857,3.4926196089158053,3.3316830446382513,8.404348251398675,0.965655360863383,0.83,0.49,1.0,Product_10,0,21.41
User_3,Store_10,Product_10,8.901299739502857,3.4926196089158053,3.3316830446382513,8.404348251398675,0.965655360863383,0.83,0.49,1.0,Product_10,0,21.41
